<?xml version="1.0" encoding="utf-8"?>

<!--
@name     OpenCart
@package  Estimated Date
@author   Andrii Burkatskyi aka 4ndr116, <ocmod.space@gmail.com>
@version  1.5.0
@link     https://www.opencart.com/index.php?route=marketplace/extension/info&extension_id=45684
@link     https://www.opencart.com/index.php?route=marketplace/extension&filter_member=ocmod.space
@link     https://github.com/ocmod-space/ocmod-estimated-date
@licence  https://raw.githubusercontent.com/ocmod-space/ocmod-estimated-date/main/EULA.en.txt
-->

<modification>
    <name>/ocmod.space/estimated_date__handling_days</name>
    <code>estimated_date__handling_days</code>
    <version>1.5.0</version>
    <author>Andrii Burkatskyi aka 4ndr116</author>
    <link>https://www.opencart.com/index.php?route=marketplace/extension&amp;filter_member=ocmod.space</link>

    <file path="catalog/controller/extension/module/estimated_date.php|extension/estimated_date/catalog/controller/module/estimated_date.php" error="skip">
        <operation error="log">
            <search info="">
                <![CDATA[$min_date = $this->getDateAfterNWorkingDays($start, $handling_min_days, $store_off, $holidays);]]>
            </search>
            <add position="before"><![CDATA[
		/// <<< /ocmod.space/estimated_date__handling_days
		switch ((int)$this->config->get('config_store_id')) {
			case 1:
				$handling_min_days += 2;
				$handling_max_days += 2;
				break;
			case 2:
				break;
			case 3:
				break;
			case 4:
				break;
			case 5:
				break;
		}
		/// >>> /ocmod.space/estimated_date__handling_days]]>
            </add>
        </operation>
    </file>
</modification>
