<?xml version="1.0" encoding="utf-8"?>

<!--
@name     Estimated Date|Journal2
@author   Andrii Burkatskyi, ocmod.space@gmail.com
@version  1.1.2
@link     https://www.ocmod.space/ocmod-estimated-date
@link     https://github.com/ocmod-space/ocmod-estimated-date
@licence  https://raw.githubusercontent.com/ocmod-space/ocmod-estimated-date/main/EULA.txt
-->

<modification>
    <name>#ocmod.space: estimated-date|journal2</name>
    <code>estimated-date--journal2</code>
    <version>1.1.2</version>
    <author>Andrii Burkatskyi</author>
    <link>https://www.opencart.com/index.php?route=marketplace/extension&amp;filter_member=ocmod.space</link>

    <file path="admin/controller/extension/module/estimated_date.php">
        <operation error="log">
            <search info=""><![CDATA[#button-cart]]></search>
            <add position="replace"><![CDATA[.form-group.cart]]></add>
        </operation>
    </file>

    <file path="catalog/controller/extension/module/estimated_date.php">
        <operation error="log">
            <search info=""><![CDATA[$this->document->addScript($link, 'footer')]]></search>
            <add position="replace"><![CDATA[$this->document->addScript($link)]]></add>
        </operation>
    </file>
</modification>

